Page,Alexandra,4225 Fairfield Road,262-719-2315,AlexandraMPage@mailinator.com
Mack,Jennifer,4529 Washington Avenue,601-984-8956,JenniferCMack@trashymail.com
Mitchell,Angela,3958 Village View Drive,239-982-3592,AngelaDMitchell@pookmail.com
Churchill,Carol,571 Langtown Road,567-336-7827,CarolMChurchill@trashymail.com
Wharton,Michelle,422 Lady Bug Drive,718-973-6179,MichelleRWharton@pookmail.com
Rowell,Richard,3763 Courtright Street,701-490-5811,RichardMRowell@mailinator.com
Gilbreath,Alton,3487 Stonecoal Road,419-591-4022,AltonCGilbreath@dodgit.com
McMahan,Guillermo,3140 Marigold Lane,305-434-0514,GuillermoCMcMahan@mailinator.com
Person,Elizabeth,1169 Chicago Avenue,559-619-1002,ElizabethBPerson@spambob.com
Luoma,Karen,4100 Flynn Street,440-858-1754,KarenHLuoma@pookmail.com
Brink,James,428 Beechwood Avenue,908-799-9076,JamesCBrink@dodgit.com
Rodriguez,Louise,3911 Oral Lake Road,952-470-7800,LouiseJRodriguez@pookmail.com
Ramirez,Mari,1798 Lewis Street,630-872-4174,MariARamirez@dodgit.com
McCabe,Ellen,1256 George Street,352-416-7434,EllenJMcCabe@dodgit.com
Landrum,William,2518 Ridenour Street,786-229-5397,WilliamCLandrum@pookmail.com
Calvin,Terry,430 Benedum Drive,845-383-5368,TerryACalvin@spambob.com
Daulton,Kristopher,585 Geneva Street,917-475-4578,KristopherMDaulton@pookmail.com
Lewis,Terrence,120 Rowes Lane,270-638-4438,TerrenceALewis@trashymail.com
Merriman,Christopher,848 Horner Street,330-921-2642,ChristopherWMerriman@mailinator.com
Newman,Muriel,4491 Commerce Boulevard,402-620-5080,MurielRNewman@mailinator.com
Hadley,Irene,4256 Despard Street,404-758-8013,IreneAHadley@dodgit.com
Culver,Walter,4216 Hilltop Drive,806-355-9819,WalterHCulver@mailinator.com
Guinn,Clinton,1664 White Pine Lane,540-599-0749,ClintonJGuinn@pookmail.com
Barns,Graciela,3384 White Lane,478-932-1531,GracielaNBarns@trashymail.com
Swain,George,2817 Tecumsah Lane,318-870-2358,GeorgeKSwain@trashymail.com
Meredith,Joyce,3176 Cemetery Street,831-732-2387,JoyceMMeredith@trashymail.com
Allen,Cynthia,1904 Lyndon Street,610-672-6916,CynthiaWAllen@mailinator.com
Augustine,Thomas,115 Hillview Drive,707-240-4424,ThomasMAugustine@dodgit.com
Flynt,William,4989 Earnhardt Drive,502-778-0193,WilliamFFlynt@dodgit.com
Albrecht,Reginald,2063 Lang Avenue,435-790-9373,ReginaldTAlbrecht@mailinator.com
Stocker,Dudley,4534 Stoneybrook Road,321-640-6499,DudleySStocker@mailinator.com
Hairston,Keith,1971 Burwell Heights Road,409-659-0369,KeithSHairston@spambob.com
Llanes,Louis,3196 Simpson Square,580-595-0154,LouisNLlanes@mailinator.com
Stewart,Amelia,377 Alpha Avenue,903-977-0890,AmeliaRStewart@mailinator.com
Salinas,Elva,4111 Monroe Street,713-459-0989,ElvaGSalinas@dodgit.com
Collins,Matthew,2172 Black Oak Hollow Road,408-776-0590,MatthewTCollins@dodgit.com
Swanson,Jessica,1711 Hart Ridge Road,989-269-7842,JessicaJSwanson@pookmail.com
Sabo,Diana,313 Pearcy Avenue,262-247-2338,DianaLSabo@pookmail.com
McGrath,Brenda,3441 Havanna Street,336-375-0184,BrendaTMcGrath@dodgit.com
Cooper,Cora,1079 Walt Nuzum Farm Road,585-419-8851,CoraRCooper@spambob.com
Nicholas,Daniel,3787 Woodland Avenue,985-531-5576,DanielANicholas@mailinator.com
Barrientos,Edna,4369 Tetrick Road,863-301-1026,EdnaTBarrientos@trashymail.com
Fitzgerald,Jennifer,2512 Pin Oak Drive,563-263-5988,JenniferSFitzgerald@pookmail.com
Eccleston,Jamison,3951 Memory Lane,815-955-3427,JamisonNEccleston@trashymail.com
Costello,Alicia,2864 Settlers Lane,917-823-1958,AliciaCCostello@trashymail.com
Neville,Kevin,58 Hill Haven Drive,254-221-1458,KevinANeville@dodgit.com
Littlejohn,Martha,3063 Rinehart Road,786-473-6008,MarthaLLittlejohn@spambob.com
Malone,Laura,1380 Davis Lane,720-350-9267,LauraEMalone@dodgit.com
Millwood,Perry,1929 Lost Creek Road,610-984-2544,PerryCMillwood@mailinator.com
Vines,Lorena,305 Hill Haven Drive,254-202-6474,LorenaWVines@pookmail.com
Goldman,Beatrice,4796 Cemetery Street,831-772-1903,BeatriceDGoldman@mailinator.com
Cromer,Daniel,440 Tipple Road,215-772-8746,DanielMCromer@trashymail.com
Brooker,Tod,3187 Harrison Street,415-507-9856,TodCBrooker@pookmail.com
Barone,Justin,801 Park Avenue,916-526-2855,JustinJBarone@spambob.com
Hoyt,Jack,4127 Hornor Avenue,918-387-5544,JackJHoyt@dodgit.com
Jones,Steven,4281 Rafe Lane,662-686-0158,StevenLJones@pookmail.com
Oaks,Bernadette,1897 Freed Drive,209-760-0352,BernadetteWOaks@trashymail.com
Montana,Linda,2073 Mandan Road,573-768-5785,LindaRMontana@dodgit.com
Pulley,Regina,367 Browning Lane,608-229-3854,ReginaDPulley@pookmail.com
Davy,Willie,4886 Petunia Way,205-741-0060,WillieDDavy@spambob.com
Painter,Manuel,373 Derek Drive,330-429-6097,ManuelKPainter@spambob.com
Hodges,Jennifer,4877 Hinkle Deegan Lake Road,607-277-0108,JenniferNHodges@pookmail.com
Begay,Ronald,616 Hudson Street,973-938-8628,RonaldDBegay@spambob.com
Kleckner,Michael,344 Vine Street,847-654-8102,MichaelKKleckner@spambob.com
Perry,Amanda,3857 Sharon Lane,573-982-3844,AmandaNPerry@mailinator.com
Levy,Andrea,517 Kimberly Way,616-856-3089,AndreaBLevy@mailinator.com
Deguzman,John,4323 Broadway Avenue,423-834-0375,JohnKDeguzman@mailinator.com
Lui,Eddie,245 Cinnamon Lane,210-785-3197,EddieDLui@spambob.com
Saldana,Pamela,1617 Maple Avenue,209-266-8505,PamelaGSaldana@trashymail.com
Simmons,Ralph,834 Rose Avenue,504-340-5697,RalphJSimmons@spambob.com
Mooney,Ann,1591 New Creek Road,260-232-6962,AnnPMooney@trashymail.com
Mahmoud,Leana,1548 Coplin Avenue,602-477-6293,LeanaTMahmoud@trashymail.com
Lockhart,William,244 Richards Avenue,209-902-1202,WilliamLLockhart@spambob.com
Butler,Marco,926 Elk Avenue,517-524-0228,MarcoMButler@mailinator.com
Miller,Derek,4786 Stuart Street,724-396-9871,DerekVMiller@mailinator.com
Camp,Frank,657 Hayhurst Lane,248-862-2449,FrankLCamp@mailinator.com
Hite,Barbara,3232 Langtown Road,563-852-2832,BarbaraJHite@spambob.com
Bryant,Jacob,220 Peck Court,949-452-9322,JacobCBryant@dodgit.com
Hamilton,Jannie,3774 Glen Street,270-324-9797,JannieTHamilton@pookmail.com
Cepeda,Leslie,3977 Briarwood Drive,856-432-3263,LeslieECepeda@pookmail.com
Montgomery,Rita,2146 Garrett Street,269-200-4847,RitaDMontgomery@mailinator.com
Silva,Glady,2437 Driftwood Road,408-371-0041,GladyGSilva@mailinator.com
Smith,Rose,1040 Cost Avenue,301-494-9778,RoseMSmith@trashymail.com
Tran,Veronica,3080 Rosemont Avenue,321-945-3244,VeronicaDTran@mailinator.com
Bounds,Walter,1785 Cambridge Court,479-967-7633,WalterNBounds@trashymail.com
Gibson,David,2928 Romano Street,781-449-3470,DavidHGibson@pookmail.com
Robinson,Myrna,4348 Ridge Road,620-752-1501,MyrnaBRobinson@pookmail.com
Rivera,Lawrence,4598 Caldwell Road,585-273-8189,LawrenceMRivera@dodgit.com
Moore,Edward,4002 Park Street,925-373-4760,EdwardRMoore@trashymail.com
Boyer,Glen,3936 South Street,432-692-0541,GlenSBoyer@dodgit.com
Labarge,Francisca,3204 Duck Creek Road,650-918-4928,FranciscaCLabarge@trashymail.com
Nilles,Mary,2343 Byrd Lane,505-221-6444,MaryCNilles@trashymail.com
Horn,Robert,3585 Marion Street,803-239-3182,RobertMHorn@mailinator.com
Valdez,Steve,325 Rose Street,708-234-1691,SteveTValdez@mailinator.com
Wynne,Cindy,2710 Platinum Drive,724-741-7311,CindyRWynne@pookmail.com
Smith,Jorge,3060 Brooklyn Street,541-231-1550,JorgeDSmith@pookmail.com
Bennett,Marian,4934 Brown Avenue,864-992-6510,MarianLBennett@mailinator.com
Svendsen,Erin,3381 Hazelwood Avenue,515-280-2093,ErinMSvendsen@trashymail.com
Riddle,Joseph,3993 Rubaiyat Road,231-660-6007,JosephMRiddle@spambob.com
Weigel,May,2887 Masonic Drive,406-667-7767,MayTWeigel@dodgit.com
Hess,Jeffrey,1054 Hiddenview Drive,216-228-9995,JeffreyLHess@mailinator.com
Lovely,Andrew,3616 Rose Street,708-228-2490,AndrewKLovely@spambob.com
Whitfield,Leslie,4427 Romines Mill Road,214-599-2577,LeslieLWhitfield@mailinator.com
Baird,Kirk,3994 Leisure Lane,805-559-4409,KirkCBaird@dodgit.com
Ortega,Paul,4764 Heavner Court,515-999-0840,PaulAOrtega@mailinator.com
Brooks,Dora,4655 Wetzel Lane,231-275-2538,DoraWBrooks@mailinator.com
McNeil,Elsa,1647 Waldeck Street,817-453-1048,ElsaRMcNeil@dodgit.com
Yepez,Andrew,3326 Jadewood Drive,224-210-7933,AndrewMYepez@pookmail.com
Heberling,Michael,4143 Tator Patch Road,312-894-0592,MichaelYHeberling@spambob.com
Paredes,Nettie,991 Dogwood Road,602-636-2495,NettieTParedes@spambob.com
Paulk,Karen,1265 Franklin Street,334-737-8952,KarenTPaulk@trashymail.com
Ames,Van,1721 Moonlight Drive,609-658-4443,VanSAmes@pookmail.com
Andrews,Blake,2767 Oliver Street,817-352-2695,BlakeJAndrews@dodgit.com
Harris,Raquel,2559 Ridenour Street,786-261-2183,RaquelBHarris@pookmail.com
Hamilton,Margaret,1435 Havanna Street,336-317-4365,MargaretDHamilton@trashymail.com
Oliver,Stanley,4851 Berry Street,719-767-9770,StanleyBOliver@mailinator.com
Burke,Ronald,719 Rafe Lane,662-738-2894,RonaldMBurke@pookmail.com
Rivera,Ann,4388 Dogwood Road,602-740-6820,AnnJRivera@trashymail.com
Clark,William,718 Pride Avenue,718-317-2187,WilliamJClark@spambob.com
Dover,Paul,4330 Berkley Street,484-817-2346,PaulIDover@mailinator.com
Smith,Ashley,2670 Hillview Drive,706-881-7975,AshleyCSmith@mailinator.com
Curry,Rodney,645 Jones Street,817-530-3856,RodneyMCurry@trashymail.com
Coleman,Dominic,1622 Buena Vista Avenue,541-607-5001,DominicTColeman@mailinator.com
Hammond,Jay,2486 Pearl Street,916-326-0421,JayTHammond@spambob.com
Baldwin,Alice,3496 Woodbridge Lane,313-526-4482,AliceEBaldwin@pookmail.com
Walker,Louis,4542 Horizon Circle,253-508-9735,LouisAWalker@pookmail.com
Rosenthal,Nancy,3887 Jefferson Street,757-788-4000,NancyRRosenthal@mailinator.com
Gorman,Richard,2308 Bluff Street,301-751-7907,RichardTGorman@pookmail.com
Thompson,Ryan,4150 Maud Street,302-635-5798,RyanJThompson@spambob.com
Crabtree,Mary,4764 Courtright Street,701-524-6962,MaryRCrabtree@pookmail.com
Chadwick,Jeramy,4078 Spinnaker Lane,815-714-5211,JeramyHChadwick@dodgit.com
Waltz,Sharon,1795 Formula Lane,469-464-1589,SharonJWaltz@dodgit.com
Etter,William,2924 Davis Lane,720-260-4729,WilliamMEtter@trashymail.com
Pena,John,4669 Diamond Cove,401-342-3518,JohnYPena@spambob.com
Turner,Alice,4699 Ottis Street,405-326-6600,AliceZTurner@mailinator.com
Lucas,Larry,1918 Ben Street,517-990-6325,LarryJLucas@dodgit.com
Begay,Sylvia,2249 Hill Croft Farm Road,530-501-3933,SylviaWBegay@dodgit.com
McWilliams,Ana,3754 Brighton Circle Road,320-446-7905,AnaRMcWilliams@dodgit.com
Holiday,Valerie,1281 Palmer Road,614-669-6827,ValerieCHoliday@pookmail.com
Paolini,Maud,2763 White River Way,801-516-6254,MaudBPaolini@spambob.com
Parks,Maria,4309 Lincoln Street,609-474-2180,MariaSParks@dodgit.com
Leverett,Arthur,2529 Bicetown Road,917-332-1410,ArthurMLeverett@dodgit.com
Smith,James,2660 Jadewood Farms,973-334-5184,JamesMSmith@trashymail.com
Parker,Debra,4596 Coplin Avenue,602-518-9256,DebraGParker@dodgit.com
Atchley,Peter,2013 Grim Avenue,619-784-1161,PeterJAtchley@trashymail.com
Williams,Karen,338 Eagle Drive,734-829-9932,KarenKWilliams@mailinator.com
Vanslyke,Thomas,4686 Rockwell Lane,252-597-8564,ThomasAVanslyke@pookmail.com
Toussaint,Karen,890 Lake Floyd Circle,301-929-8317,KarenRToussaint@dodgit.com
Davis,James,2286 Heron Way,503-812-2283,JamesBDavis@dodgit.com
Cunningham,Karla,4264 Clover Drive,719-243-7109,KarlaMCunningham@pookmail.com
Wagner,Devon,40 Burnside Avenue,435-719-7983,DevonJWagner@pookmail.com
Bergeson,Bobby,3839 Central Avenue,201-347-1607,BobbyGBergeson@trashymail.com
Powell,Lesley,4384 Maxwell Street,860-736-8876,LesleyWPowell@mailinator.com
Ogren,Silva,3583 Abner Road,715-348-3143,SilvaAOgren@trashymail.com
Riley,Frank,3130 Randolph Street,508-752-5818,FrankARiley@pookmail.com
King,Kenneth,2586 Bryan Street,336-231-0713,KennethMKing@trashymail.com
Weatherly,Joseph,2161 Preston Street,620-968-1220,JosephLWeatherly@dodgit.com
Guerrero,Margaret,2153 Buckhannan Avenue,315-509-5188,MargaretTGuerrero@dodgit.com
Shulman,James,1690 Bruce Street,314-253-6167,JamesJShulman@mailinator.com
Emery,Maria,104 Fannie Street,979-263-3268,MariaDEmery@mailinator.com
Volk,Ryan,1065 Wildwood Street,330-669-7356,RyanCVolk@spambob.com
Frink,Betty,1033 Clair Street,254-673-5509,BettyMFrink@dodgit.com
Colby,Jo,3465 Diamond Cove,401-299-9058,JoRColby@dodgit.com
Pittman,Jana,1060 Crosswind Drive,270-889-5461,JanaEPittman@pookmail.com
Higgins,Martha,1549 Oakmound Drive,773-347-4940,MarthaBHiggins@mailinator.com
Cook,Glen,2457 Hannah Street,828-395-5168,GlenNCook@trashymail.com
Mangum,John,2685 Leisure Lane,805-555-3641,JohnVMangum@dodgit.com
Cobb,David,1641 Joyce Street,252-216-8003,DavidCCobb@pookmail.com
Fischer,Joseph,1084 Woodland Avenue,985-545-6617,JosephDFischer@trashymail.com
Mohr,Harold,4658 Wood Duck Drive,906-482-5714,HaroldGMohr@mailinator.com
Sanders,Maurice,2387 Parkway Drive,520-398-3930,MauriceESanders@dodgit.com
Belanger,Natalie,559 Kidd Avenue,907-899-6040,NatalieCBelanger@spambob.com
Roberts,Robert,1727 Gambler Lane,281-925-1711,RobertSRoberts@pookmail.com
Gean,Larry,159 Waldeck Street,817-444-2541,LarryMGean@dodgit.com
Edelman,Andrea,2806 Wood Street,985-890-4667,AndreaDEdelman@spambob.com
Clark,Cecilia,3927 Shinn Street,212-781-0756,CeciliaLClark@spambob.com
Alexander,David,3479 Huntz Lane,978-560-6735,DavidCAlexander@mailinator.com
Harrop,Ronald,1072 Frank Avenue,413-222-3529,RonaldOHarrop@pookmail.com
Thompson,Ron,2988 Payne Street,276-952-0875,RonEThompson@trashymail.com
Goodwin,Jose,3259 Ethels Lane,863-682-5479,JoseCGoodwin@mailinator.com
Rangel,Patricia,3421 Traders Alley,816-374-3212,PatriciaGRangel@trashymail.com
Odom,Justin,2977 Hiddenview Drive,215-996-5500,JustinMOdom@pookmail.com
Hamill,Michael,4488 Ash Street,972-789-6874,MichaelMHamill@dodgit.com
Gonzalez,Carlos,1591 Fire Access Road,336-848-2702,CarlosMGonzalez@trashymail.com
Prince,Amanda,3320 Beech Street,925-827-0022,AmandaPPrince@spambob.com
Holmes,Marsha,2916 Elk Creek Road,770-465-9446,MarshaJHolmes@spambob.com
Irizarry,Tom,2146 Orchard Street,952-674-1691,TomDIrizarry@spambob.com
Hunter,Chris,94 Jones Street,817-576-9325,ChrisEHunter@trashymail.com
Spencer,Fredrick,443 Roguski Road,318-263-4260,FredrickPSpencer@trashymail.com
Stanley,Mary,2540 Rockwell Lane,252-535-0888,MaryJStanley@pookmail.com
Wormley,Wendy,2911 Sunset Drive,870-693-5055,WendyMWormley@pookmail.com
Woodrum,John,4786 Margaret Street,713-846-7885,JohnHWoodrum@trashymail.com
Rodriguez,Charles,2683 Old Dear Lane,845-787-6597,CharlesJRodriguez@mailinator.com
Fain,Anthony,2129 River Road,719-549-9514,AnthonyKFain@dodgit.com
Colon,Suzanne,636 Cabell Avenue,703-607-5654,SuzanneSColon@dodgit.com
Nelson,Joey,3915 Daylene Drive,734-593-2059,JoeyWNelson@dodgit.com
Henderson,Amy,2941 Timberbrook Lane,970-281-6165,AmyTHenderson@trashymail.com
Mayo,Marshall,4251 Hill Street,419-793-2624,MarshallCMayo@trashymail.com
Ishmael,Carol,2070 Rocky Road,215-630-9895,CarolTIshmael@mailinator.com
Crawford,Kenneth,3651 Ella Street,650-218-8417,KennethACrawford@dodgit.com
Webb,Kyle,3229 Petunia Way,205-786-0770,KyleDWebb@dodgit.com
Demar,Lyle,1885 Davis Court,618-875-1524,LyleJDemar@dodgit.com
Cannon,Tracy,3370 Jenna Lane,513-969-8603,TracyGCannon@mailinator.com
Lyon,Cara,3514 Scenicview Drive,425-988-6456,CaraRLyon@spambob.com
Jones,John,950 Cerullo Road,502-463-8289,JohnVJones@dodgit.com
Clark,Frank,1193 Ford Street,408-433-9135,FrankMClark@dodgit.com
Jacques,Thomas,178 Jim Rosa Lane,415-784-3172,ThomasMJacques@trashymail.com
Bishop,Harold,2178 Mahlon Street,732-988-4606,HaroldLBishop@pookmail.com
Walker,Vincent,503 Heather Sees Way,918-696-2869,VincentDWalker@spambob.com
Ballou,Mildred,1592 Westwood Avenue,516-774-9506,MildredABallou@dodgit.com
Farmer,Gary,3270 Reeves Street,920-822-6827,GaryPFarmer@trashymail.com
Cerny,Barbara,110 Wiseman Street,865-437-4446,BarbaraTCerny@spambob.com
Isaacson,Richard,2934 Mulberry Street,936-573-7194,RichardPIsaacson@trashymail.com
Howe,Dorothy,4382 Ersel Street,214-398-8713,DorothyJHowe@trashymail.com
McMullen,Rosetta,4064 Bridge Street,918-820-3048,RosettaDMcMullen@pookmail.com
Duda,Charlotte,1931 Corpening Drive,248-471-6509,CharlotteRDuda@trashymail.com
Chamberlain,Sean,2959 Calvin Street,443-396-7167,SeanAChamberlain@trashymail.com
Rich,Diane,382 Glenwood Avenue,216-381-0572,DianeRRich@trashymail.com
Jordan,Gail,4953 Mandan Road,573-860-5479,GailCJordan@spambob.com
Carter,Nathan,678 Lyndon Street,610-723-0799,NathanLCarter@pookmail.com
Reinke,Willie,1710 Blane Street,314-621-0818,WillieBReinke@spambob.com
Bernard,Wayne,2830 Wood Street,989-220-5817,WayneMBernard@pookmail.com
Richardson,Ronna,191 Roane Avenue,301-227-0814,RonnaGRichardson@pookmail.com
Milligan,Eric,2554 Golden Street,305-643-7373,EricCMilligan@mailinator.com
Moore,Felicia,632 Clement Street,404-505-7126,FeliciaGMoore@trashymail.com
Frasier,Steven,364 Parkway Street,760-303-6274,StevenEFrasier@dodgit.com
Forsythe,Jim,1592 Arlington Avenue,870-232-7047,JimSForsythe@pookmail.com
Taylor,Luis,936 Lindale Avenue,510-524-6269,LuisFTaylor@trashymail.com
Catoe,Julia,3350 Thomas Street,847-548-8361,JuliaDCatoe@dodgit.com
Thomas,Ronald,590 Libby Street,310-261-8218,RonaldSThomas@mailinator.com
Robertson,Jeffrey,4125 Diamond Cove,401-407-0914,JeffreyCRobertson@dodgit.com
Keach,William,3449 Grant Street,903-882-1882,WilliamEKeach@trashymail.com
Crowder,Frank,4646 Golf Course Drive,703-378-3124,FrankRCrowder@pookmail.com
Boren,Rebecca,1616 Godfrey Street,503-589-0148,RebeccaGBoren@trashymail.com
Lunsford,Jennifer,1735 Tibbs Avenue,406-832-1949,JenniferELunsford@trashymail.com
Gillespie,Sylvia,1746 Green Hill Road,479-266-5725,SylviaRGillespie@spambob.com
Skinner,Alex,1109 Lighthouse Drive,417-266-9302,AlexCSkinner@dodgit.com
McCalla,John,4368 Forest Avenue,646-843-3251,JohnMMcCalla@spambob.com
France,Virginia,3157 Fleming Street,334-406-2854,VirginiaRFrance@spambob.com
Deas,Kathleen,3626 Spadafore Drive,814-743-5156,KathleenMDeas@pookmail.com
Slinkard,Sue,4574 Olen Thomas Drive,940-767-9570,SueDSlinkard@mailinator.com
Wright,Clifford,4601 Pine Garden Lane,770-696-6793,CliffordRWright@trashymail.com
Rush,Danielle,3364 Woodlawn Drive,414-614-1921,DaniellePRush@mailinator.com
Tate,Joseph,1426 Simpson Avenue,717-815-5148,JosephRTate@dodgit.com
Vann,Rhonda,4765 Sardis Station,612-530-9884,RhondaCVann@dodgit.com
Blue,Mary,2067 Waldeck Street,817-444-5457,MaryEBlue@pookmail.com
Chang,Andrea,3893 Burton Avenue,901-774-3226,AndreaAChang@spambob.com
Dunn,Gerald,2097 Roane Avenue,281-993-9294,GeraldADunn@dodgit.com
Thomas,Carolyn,2338 Ash Street,972-818-8099,CarolynCThomas@mailinator.com
Williams,Roger,3086 Buffalo Creek Road,615-824-0829,RogerPWilliams@spambob.com
Rice,Stanley,1091 Daylene Drive,734-668-9711,StanleyBRice@spambob.com
Sinclair,Dustin,3935 Ferrell Street,218-368-4946,DustinFSinclair@pookmail.com
Alonzo,Edward,4620 Lucky Duck Drive,412-924-0606,EdwardJAlonzo@pookmail.com
Dean,Brenda,53 Maud Street,302-772-3256,BrendaJDean@spambob.com
Thompson,Carol,1547 Bernardo Street,812-969-2107,CarolEThompson@mailinator.com
Mouzon,Susan,3294 Broadway Street,843-737-2670,SusanAMouzon@dodgit.com
Hobbs,Charles,3654 Airplane Avenue,860-845-7628,CharlesKHobbs@mailinator.com
Turney,Caroline,2081 Brown Street,925-917-0834,CarolineJTurney@pookmail.com
Vallejo,Toby,3928 Birch  Street,915-799-1951,TobyCVallejo@dodgit.com
McNamara,Mercedes,3448 Johnny Lane,414-304-1741,MercedesJMcNamara@dodgit.com
Landman,Heidi,3289 Bingamon Branch Road,845-883-9145,HeidiCLandman@dodgit.com
Jameson,Corrie,3794 Sampson Street,303-626-2148,CorrieAJameson@dodgit.com
Witte,Gertha,855 Lucky Duck Drive,412-856-1029,GerthaGWitte@mailinator.com
Finch,Ronald,3521 Richison Drive,406-339-1947,RonaldMFinch@pookmail.com
Johnson,Christopher,1288 Coplin Avenue,602-515-2170,ChristopherSJohnson@pookmail.com
Mills,Albert,2170 South Street,432-770-9125,AlbertDMills@spambob.com
Pike,Arnold,2292 Ethels Lane,863-622-0728,ArnoldLPike@spambob.com
Sinclair,Claire,3770 Eastland Avenue,601-366-5823,ClaireWSinclair@pookmail.com
Bryant,Tracey,673 Lynn Ogden Lane,409-765-9482,TraceyRBryant@trashymail.com
McVey,Etta,3189 Webster Street,732-536-2695,EttaAMcVey@pookmail.com
Ruiz,Kerry,528 Bombardier Way,734-969-8866,KerryRRuiz@trashymail.com
Mata,Lorna,1693 Valley Drive,267-380-9088,LornaNMata@pookmail.com
Edwards,Elna,2409 American Drive,856-269-4014,ElnaAEdwards@spambob.com
Mosher,Joan,4669 McVaney Road,818-998-2980,JoanSMosher@dodgit.com
Lindsay,Ryan,4000 Private Lane,229-292-1340,RyanNLindsay@trashymail.com
Morris,Christopher,1 Jarvisville Road,517-202-9017,ChristopherVMorris@dodgit.com
Davis,Adrian,3473 Margaret Street,713-945-1418,AdrianLDavis@trashymail.com
Fuhrman,Abraham,3452 Rocky Road,215-637-0473,AbrahamPFuhrman@spambob.com
Festa,Edith,3520 Dogwood Road,602-630-3834,EdithJFesta@dodgit.com
Sheehan,Alex,2738 Oak Way,402-403-6051,AlexOSheehan@trashymail.com
Lynch,Joseph,4166 Alfred Drive,718-214-2973,JosephJLynch@dodgit.com
Hendricks,Diana,3740 Progress Way,320-240-2213,DianaDHendricks@mailinator.com
Johnson,Erika,846 Woodhill Avenue,410-823-4404,ErikaJJohnson@dodgit.com
Creasy,Jessie,3822 Pin Oak Drive,563-324-7506,JessieSCreasy@pookmail.com
Hopkins,Eula,1098 Brown Street,928-229-5567,EulaRHopkins@mailinator.com
Singleton,James,3852 Winifred Way,765-747-0994,JamesMSingleton@trashymail.com
Huang,Donna,3884 Davis Lane,720-265-1625,DonnaPHuang@dodgit.com
Bohner,Allen,2392 Bruce Street,314-277-8097,AllenLBohner@dodgit.com
Rawson,Pok,3068 Holly Street,706-212-5811,PokKRawson@trashymail.com
Hughes,Gary,3300 Rardin Drive,650-623-8014,GaryAHughes@mailinator.com
Heck,Travis,1743 Kooter Lane,704-470-6611,TravisAHeck@spambob.com
Myers,Randall,1386 Quincy Street,267-525-2907,RandallMMyers@pookmail.com
Baptiste,Leonard,3475 Vineyard Drive,440-427-0172,LeonardCBaptiste@spambob.com
Nguyen,Anita,1837 Twin Oaks Drive,231-395-0803,AnitaRNguyen@trashymail.com
Baillie,Carlos,4980 Willison Street,763-350-4298,CarlosRBaillie@pookmail.com
Skinner,Elizabeth,4411 Finwood Road,732-418-0593,ElizabethRSkinner@spambob.com
Thomas,Jeremiah,3395 Chicago Avenue,559-626-7348,JeremiahBThomas@mailinator.com
Taylor,Alma,462 Broadway Street,843-818-5041,AlmaMTaylor@dodgit.com
Adams,Tanya,216 Center Street,559-212-9147,TanyaGAdams@pookmail.com
Baca,Garry,70 Joes Road,518-671-9039,GarryEBaca@spambob.com
Pimentel,Corey,846 Lamberts Branch Road,786-523-1442,CoreyAPimentel@pookmail.com
Bowman,David,1855 Libby Street,310-314-0597,DavidJBowman@pookmail.com
Enriquez,Shelby,4592 Clousson Road,712-855-3100,ShelbyGEnriquez@mailinator.com
Arnold,Carolyn,4899 Ella Street,650-283-6944,CarolynMArnold@trashymail.com
Montijo,David,3239 Fort Street,252-964-2887,DavidOMontijo@dodgit.com
Diaz,Geneva,1924 Wexford Way,803-300-0767,GenevaTDiaz@mailinator.com
Vasquez,Robert,386 Brown Avenue,864-973-4324,RobertHVasquez@spambob.com
Louis,Nicole,4926 Apple Lane,309-205-5475,NicoleJLouis@trashymail.com
Reeves,Hilda,2873 Goff Avenue,269-545-0351,HildaJReeves@dodgit.com
Rush,Annette,3622 Wood Duck Drive,906-362-5609,AnnetteJRush@spambob.com
Pope,Duane,4387 Forest Avenue,646-920-0290,DuaneDPope@trashymail.com
Evans,Chester,1671 Atha Drive,661-761-9269,ChesterAEvans@mailinator.com
Godsey,Janet,3381 Mattson Street,503-363-7242,JanetJGodsey@pookmail.com
Thornton,Paul,4973 Mill Street,863-909-4601,PaulSThornton@pookmail.com
Haywood,Michael,3287 Harron Drive,443-524-9111,MichaelTHaywood@dodgit.com
Kamps,Maribel,1414 Shinn Street,212-729-8207,MaribelLKamps@trashymail.com
McGregor,Marion,1512 Brown Avenue,864-906-5983,MarionJMcGregor@trashymail.com
Massaro,Tracy,2479 Glenwood Avenue,216-321-7118,TracyRMassaro@pookmail.com
Blair,Carlos,3018 Arthur Avenue,815-845-8662,CarlosHBlair@mailinator.com
Knowles,Scott,4019 Cambridge Drive,623-363-2040,ScottAKnowles@spambob.com
Burrow,Madeline,3743 Hillcrest Circle,763-489-7577,MadelineDBurrow@trashymail.com
Freeman,Maria,3354 Retreat Avenue,207-289-5842,MariaGFreeman@pookmail.com
Nickle,Jennifer,1839 Overlook Drive,765-280-9227,JenniferJNickle@spambob.com
Shipman,Pearl,3851 Emeral Dreams Drive,815-229-7475,PearlMShipman@trashymail.com
Mercurio,Jamie,1721 Bagwell Avenue,352-812-1799,JamieJMercurio@mailinator.com
Jones,Beverly,3266 McDonald Avenue,407-926-9146,BeverlyCJones@mailinator.com
Menard,Leona,3290 Timber Oak Drive,805-969-6239,LeonaJMenard@spambob.com
Hill,James,3336 Richards Avenue,209-916-4387,JamesUHill@mailinator.com
Collins,Amy,4138 Spirit Drive,386-903-5592,AmyWCollins@spambob.com
Duncan,John,1293 West Side Avenue,201-294-8103,JohnADuncan@spambob.com
Morgan,Jean,1939 Oakmound Road,773-201-6682,JeanRMorgan@spambob.com
Ellzey,Ora,3240 Stoney Lonesome Road,570-366-9820,OraCEllzey@dodgit.com
Watanabe,Christopher,2003 Gore Street,713-588-2420,ChristopherLWatanabe@trashymail.com
Parrish,Joseph,3102 Bel Meadow Drive,909-282-0909,JosephMParrish@mailinator.com
Delgado,Rose,1169 Dye Street,480-695-7633,RoseWDelgado@dodgit.com
Mitchell,Dorothy,2852 Davisson Street,765-821-9192,DorothyJMitchell@pookmail.com
Bunting,John,286 Lowland Drive,815-334-0525,JohnABunting@dodgit.com
Steed,Robert,1921 Duff Avenue,802-466-0687,RobertJSteed@trashymail.com
Foss,Pedro,2930 Bottom Lane,716-681-1036,PedroTFoss@pookmail.com
Mendivil,Delores,1224 Poe Road,843-272-6861,DeloresSMendivil@spambob.com
Neal,Frances,2342 Cemetery Street,831-785-0976,FrancesBNeal@pookmail.com
Rollins,Michele,3045 Duff Avenue,802-421-8458,MicheleHRollins@spambob.com
Silva,Lucille,4214 Lakewood Drive,201-814-4529,LucilleVSilva@pookmail.com
Dickey,Carman,3557 Hillview Street,803-789-0285,CarmanMDickey@trashymail.com
Goodale,Albert,4829 North Avenue,402-850-5008,AlbertMGoodale@pookmail.com
Hebert,Jacqueline,3617 Ashmor Drive,218-257-6054,JacquelineDHebert@dodgit.com
Parker,Valerie,191 Marcus Street,256-644-8200,ValerieRParker@spambob.com
Monk,James,33 Lincoln Street,609-492-0355,JamesAMonk@pookmail.com
Lay,Clarence,2634 Oakdale Avenue,863-555-3899,ClarenceALay@trashymail.com
Turner,Dennis,2679 Wescam Court,775-969-5738,DennisMTurner@spambob.com
Jared,Mark,4135 Hill Haven Drive,254-291-3269,MarkJJared@spambob.com
Ayers,Allen,241 Single Street,781-658-4261,AllenDAyers@dodgit.com
McKay,Gloria,4127 Birch Street,317-846-5381,GloriaJMcKay@mailinator.com
Warner,Wallace,865 Pearcy Avenue,260-918-8844,WallaceJWarner@pookmail.com
Lane,Daniel,3086 Briarwood Drive,856-486-1219,DanielRLane@pookmail.com
Avery,Angela,490 Patterson Fork Road,312-677-7274,AngelaVAvery@mailinator.com
Gibbs,Ignacio,3379 Emily Drive,803-818-4030,IgnacioRGibbs@mailinator.com
Green,Jess,1872 Junkins Avenue,229-468-2586,JessJGreen@spambob.com
Heard,Shawn,808 Walnut Street,601-568-4628,ShawnIHeard@dodgit.com
Yarbrough,Jack,4030 Lords Way,731-804-8995,JackJYarbrough@mailinator.com
Lopez,Gerald,4421 Taylor Street,914-648-8928,GeraldMLopez@pookmail.com
Henderson,Arthur,2755 Turnpike Drive,256-443-8622,ArthurCHenderson@trashymail.com
Beason,Linda,3950 Monroe Street,713-375-7711,LindaJBeason@dodgit.com
Allen,Rose,4404 Stutler Lane,814-452-4216,RoseMAllen@spambob.com
Vega,Joaquin,4495 Radford Street,502-247-3493,JoaquinVVega@dodgit.com
Wingo,Steven,1711 Tenmile Road,781-674-1423,StevenLWingo@mailinator.com
Rodriguez,William,2889 Deer Ridge Drive,973-615-6268,WilliamYRodriguez@spambob.com
Coppage,Olive,1872 Seth Street,325-446-8332,OliveRCoppage@spambob.com
Caballero,Gary,2409 Lords Way,731-792-6415,GaryJCaballero@mailinator.com
Yutzy,Michael,3283 Marigold Lane,305-415-1518,MichaelCYutzy@pookmail.com
Silvers,Rebecca,478 Patterson Road,718-908-4473,RebeccaPSilvers@dodgit.com
Duet,Wanda,199 Brookview Drive,409-382-7540,WandaDDuet@mailinator.com
Murray,Debbie,1654 Mudlick Road,509-567-5034,DebbieGMurray@pookmail.com
Williams,Thomas,2676 Cottrill Lane,314-447-8826,ThomasJWilliams@pookmail.com
Stewart,Joseph,399 Hickory Lane,202-484-9728,JosephAStewart@spambob.com
Terrell,Laurie,1074 Sycamore Road,541-413-7037,LaurieJTerrell@pookmail.com
Hutcheson,Marjorie,3396 Broaddus Avenue,270-229-6343,MarjorieTHutcheson@dodgit.com
Jones,Jason,3674 Collins Avenue,614-848-5681,JasonTJones@trashymail.com
Grant,Cary,3135 Edgewood Road,870-992-9180,CaryPGrant@pookmail.com
Ishmael,Teresa,2629 Cottonwood Lane,615-986-1910,TeresaKIshmael@spambob.com
Mathews,Gilbert,2147 Mattson Street,503-340-6737,GilbertBMathews@spambob.com
Couch,Dana,2971 Haymond Rocks Road,541-513-4361,DanaCCouch@spambob.com
Hopkins,Pinkie,468 Happy Hollow Road,910-551-4875,PinkieRHopkins@dodgit.com
Bean,Patti,3862 Derek Drive,330-393-8666,PattiDBean@dodgit.com
Denham,Barbara,623 Strother Street,205-698-3786,BarbaraJDenham@dodgit.com
Janzen,Donald,1918 Fairfield Road,262-686-1102,DonaldLJanzen@trashymail.com
Ruby,Yvonne,4568 Horner Street,330-912-7232,YvonneJRuby@pookmail.com
Waters,Ruth,3639 Parkway Street,760-314-0529,RuthPWaters@pookmail.com
Bowman,Frances,4320 Dawson Drive,501-843-6727,FrancesTBowman@trashymail.com
Hovis,Cheryle,567 Elliott Street,603-654-5958,CheryleJHovis@dodgit.com
Bennett,Jeanne,890 Ashcraft Court,619-441-4715,JeanneMBennett@mailinator.com
Workman,Nicki,733 Church Street,718-440-0828,NickiGWorkman@trashymail.com
Rudolph,Anthony,3258 Euclid Avenue,805-315-1298,AnthonySRudolph@dodgit.com
Underhill,Ray,1543 Bird Spring Lane,281-556-0592,RayMUnderhill@dodgit.com
Billings,Olga,1732 Todds Lane,210-518-9188,OlgaJBillings@dodgit.com
Gates,Jorge,1598 Crummit Lane,402-233-9649,JorgeAGates@mailinator.com
Pittman,Brenda,4177 Millbrook Road,630-801-3206,BrendaGPittman@trashymail.com
Williams,Brandon,952 Brooke Street,713-648-7808,BrandonTWilliams@mailinator.com
Ball,George,4888 Spadafore Drive,814-764-9293,GeorgeCBall@trashymail.com
McDorman,Clyde,1116 East Avenue,480-329-9791,ClydeMMcDorman@dodgit.com
Fox,Patricia,1858 Middleville Road,626-384-8420,PatriciaHFox@pookmail.com
Washington,Enrique,3232 Marion Street,802-895-4589,EnriqueBWashington@mailinator.com
Owens,Juan,4721 Desert Broom Court,201-712-7707,JuanBOwens@mailinator.com
Dunbar,Anna,1587 Martha Street,928-660-5973,AnnaLDunbar@trashymail.com
Thompson,Edgar,3642 Still Street,419-636-0730,EdgarAThompson@pookmail.com
Galeana,Marion,1319 Walnut Street,601-561-9529,MarionAGaleana@trashymail.com
Neri,Richard,1616 Oakmound Road,773-228-6595,RichardMNeri@mailinator.com
Profitt,Shana,2819 Juniper Drive,989-926-6637,ShanaSProfitt@spambob.com
Boyd,Tommy,3097 Shinn Street,212-705-3018,TommyJBoyd@spambob.com
Coppage,Jonathan,279 Bryan Avenue,651-318-0937,JonathanTCoppage@dodgit.com
Schild,Robert,2098 Liberty Avenue,714-433-5486,RobertRSchild@mailinator.com
Orlandi,Theodore,722 Woodridge Lane,901-379-1629,TheodoreFOrlandi@dodgit.com
Sanders,Christopher,4524 Black Oak Hollow Road,408-835-4524,ChristopherVSanders@trashymail.com
McClellan,Gayle,1362 Kincheloe Road,503-550-1561,GayleWMcClellan@trashymail.com
Richter,Roger,1000 White Avenue,361-749-6999,RogerERichter@trashymail.com
Miller,Pamela,4108 Laurel Lane,432-290-2010,PamelaGMiller@spambob.com
Reed,Bettie,5 Middleville Road,626-363-8330,BettieAReed@pookmail.com
Barnes,Natasha,3832 Hood Avenue,858-703-6119,NatashaDBarnes@pookmail.com
Flores,Robert,2055 Stratford Park,812-879-4564,RobertCFlores@spambob.com
Smiley,James,1202 County Line Road,727-786-2750,JamesLSmiley@dodgit.com
Michaud,Tracy,3406 Saint James Drive,717-496-5062,TracySMichaud@dodgit.com
Hines,Tyesha,892 Coplin Avenue,602-494-2691,TyeshaMHines@mailinator.com
Carney,Michele,339 Weekley Street,210-444-9356,MicheleJCarney@pookmail.com
Laws,Jerome,2468 Heritage Road,559-696-2172,JeromeSLaws@mailinator.com
Bruce,Thomas,4221 Hamill Avenue,858-432-9779,ThomasEBruce@trashymail.com
Valencia,Liz,3901 Blue Spruce Lane,410-345-9635,LizRValencia@pookmail.com
Montgomery,Marilyn,889 Argonne Street,302-297-4590,MarilynCMontgomery@spambob.com
White,Amy,2124 Gladwell Street,903-207-8555,AmyRWhite@spambob.com
Longstreet,Ronald,2788 Meadow Drive,406-207-9944,RonaldGLongstreet@pookmail.com
Peeples,Amy,256 Orphan Road,715-897-7515,AmyBPeeples@dodgit.com
Baldwin,Drusilla,3217 Hanifan Lane,678-575-3385,DrusillaJBaldwin@dodgit.com
Willoughby,Jeffrey,3192 Sycamore Circle,682-432-9929,JeffreyMWilloughby@mailinator.com
Concepcion,Debra,3614 Philadelphia Avenue,801-250-0644,DebraFConcepcion@pookmail.com
Adler,Ferdinand,505 Wilkinson Court,239-596-6791,FerdinandCAdler@mailinator.com
Smith,Teresa,3936 Mudlick Road,509-486-6047,TeresaRSmith@mailinator.com
Smith,Marie,3558 Ridge Road,620-779-1243,MarieTSmith@mailinator.com
McLaurin,Muriel,4023 Poplar Avenue,619-608-5897,MurielBMcLaurin@dodgit.com
Mowbray,Lucia,4623 Harrison Street,415-574-6182,LuciaTMowbray@trashymail.com
Mayo,Jesus,3324 Lynn Avenue,715-508-7190,JesusDMayo@spambob.com
Robertson,Richard,1509 Lake Forest Drive,914-209-1847,RichardDRobertson@mailinator.com
Michel,Sherry,1514 Stoney Lonesome Road,570-416-9497,SherryGMichel@mailinator.com
McCreary,Thomas,932 Frederick Street,916-265-5218,ThomasKMcCreary@spambob.com
Squires,Clay,1951 Pritchard Court,507-416-7258,ClayLSquires@pookmail.com
Banta,Fatima,2249 Still Street,419-699-7412,FatimaDBanta@spambob.com
Byers,Louise,602 Austin Secret Lane,435-619-1610,LouiseDByers@mailinator.com
Perkins,Charles,1119 Shobe Lane,970-477-8806,CharlesAPerkins@spambob.com
Diaz,Reginald,2789 Hart Country Lane,706-646-7183,ReginaldSDiaz@mailinator.com
Hume,Erika,86 Wayback Lane,631-342-4564,ErikaBHume@spambob.com
Weatherford,Angela,3147 Amethyst Drive,517-391-9234,AngelaEWeatherford@trashymail.com
Lewis,Joseph,256 Rardin Drive,650-631-7793,JosephLLewis@mailinator.com
Sapp,David,4480 Hilltop Haven Drive,973-772-4116,DavidSSapp@mailinator.com
Mallon,Bonnie,3948 West Drive,312-480-9936,BonnieWMallon@mailinator.com
Maguire,Joseph,1356 Everette Alley,954-740-6212,JosephTMaguire@dodgit.com
Johnson,Kimberly,4870 Edgewood Road,901-226-3083,KimberlyDJohnson@pookmail.com
Youngblood,Leticia,340 Hiddenview Drive,216-206-4463,LeticiaRYoungblood@trashymail.com
Stevens,John,2517 Stadium Drive,508-275-4352,JohnMStevens@dodgit.com
Mendez,Maria,2338 Turnpike Drive,256-330-6315,MariaJMendez@dodgit.com
Odell,Coral,1464 Seth Street,325-555-9301,CoralWOdell@spambob.com
Mitchell,Jessica,4168 Hewes Avenue,443-583-0252,JessicaKMitchell@pookmail.com
Neely,Brice,1075 Walnut Avenue,201-533-4344,BriceCNeely@dodgit.com
Waiters,Estelle,87 Barnes Avenue,513-632-9331,EstelleJWaiters@spambob.com
Powell,Gregory,1343 Prudence Street,313-369-5717,GregoryMPowell@mailinator.com
Weatherford,Alvin,1755 Hickory Lane,202-483-1424,AlvinCWeatherford@trashymail.com
Eaton,Celeste,4980 Poe Road,832-867-9538,CelesteREaton@trashymail.com
Churchill,Jeanne,1499 Middleville Road,626-330-4276,JeanneWChurchill@dodgit.com
Hardwick,Jonathan,3731 Callison Lane,302-402-1549,JonathanVHardwick@trashymail.com
Webb,Arthur,2843 Irving Road,740-462-1777,ArthurDWebb@dodgit.com
Charlie,Derek,2329 Cherry Ridge Drive,586-276-3219,DerekBCharlie@spambob.com
Dana,Ronald,3558 Diamond Cove,401-382-1816,RonaldPDana@trashymail.com
Tillotson,Ross,2721 Wexford Way,803-361-2196,RossJTillotson@pookmail.com
Numbers,Larry,1399 Nash Street,313-235-6104,LarryKNumbers@mailinator.com
Saine,Marilyn,4164 Smith Street,508-832-8299,MarilynFSaine@spambob.com
Saul,David,2559 Wiseman Street,865-448-0251,DavidLSaul@mailinator.com
Bardsley,Anthony,1694 Hummingbird Way,785-208-2147,AnthonyJBardsley@mailinator.com
Mecham,John,2417 Indiana Avenue,808-574-1808,JohnNMecham@mailinator.com
Long,Stephanie,4532 Vesta Drive,773-760-5750,StephanieLLong@spambob.com
Bazan,Daniel,1056 Smithfield Avenue,806-729-8990,DanielSBazan@dodgit.com
Hedges,Sergio,1775 Roane Avenue,301-284-7082,SergioGHedges@dodgit.com
Smith,Vanessa,1472 Thorn Street,307-645-2334,VanessaRSmith@trashymail.com
Day,Ernest,4672 Forest Drive,703-931-7780,ErnestCDay@mailinator.com
Stlouis,Melissa,1450 Michael Street,713-776-1704,MelissaJStlouis@pookmail.com
White,Marcus,4638 Poplar Street,708-788-2835,MarcusMWhite@spambob.com
Lynch,Martha,3655 Heavner Avenue,770-783-3977,MarthaBLynch@spambob.com
Soto,Carolyn,4875 Hardman Road,802-854-6771,CarolynJSoto@trashymail.com
Jordan,Jack,465 Sunset Drive,870-629-6889,JackJJordan@mailinator.com
Nunnally,Darren,2175 Rollins Road,308-889-9928,DarrenDNunnally@spambob.com
Jackson,Edwina,588 Golden Street,305-678-8591,EdwinaJJackson@spambob.com
Board,Rose,2370 Agriculture Lane,305-265-4174,RoseCBoard@trashymail.com
Bohr,Cornell,1348 Masonic Hill Road,501-541-7686,CornellCBohr@spambob.com
Vanleer,Wendy,112 Lodgeville Road,612-344-6957,WendyJVanleer@dodgit.com
Wylie,Barbara,213 Hilltop Street,413-676-6006,BarbaraPWylie@mailinator.com
Johnson,Larry,4506 Twin Oaks Drive,231-482-4925,LarrySJohnson@mailinator.com
Gomez,Esther,4255 Juniper Drive,989-794-7208,EstherCGomez@mailinator.com
Ross,Erin,2775 Smithfield Avenue,806-723-8351,ErinJRoss@dodgit.com
Wilson,Michael,1107 Pooh Bear Lane,864-663-7984,MichaelLWilson@spambob.com
Knight,Harry,3026 Haymond Rocks Road,541-518-1002,HarryJKnight@pookmail.com
Stone,James,545 West Street,616-662-8194,JamesMStone@spambob.com
Edwards,Victor,157 Hartway Street,605-793-3269,VictorPEdwards@pookmail.com
House,Richard,2833 School Street,202-882-4702,RichardHHouse@dodgit.com
